timestamp_utc,epoch_unix,temperature_C
2024-05-01T00:00:00Z,1714521600,-10.796
2024-05-01T03:00:00Z,1714532400,-12.4562
2024-05-01T06:00:00Z,1714543200,-13.8835
2024-05-01T09:00:00Z,1714554000,-15.1957
2024-05-01T12:00:00Z,1714564800,-15.4439
2024-05-01T15:00:00Z,1714575600,-14.887
2024-05-01T18:00:00Z,1714586400,-14.0066
2024-05-01T21:00:00Z,1714597200,-13.8818
2024-05-02T00:00:00Z,1714608000,-15.3218
2024-05-02T03:00:00Z,1714618800,-17.2418
2024-05-02T06:00:00Z,1714629600,-18.9699
2024-05-02T09:00:00Z,1714640400,-19.4242
2024-05-02T12:00:00Z,1714651200,-16.7892
2024-05-02T15:00:00Z,1714662000,-14.1985
2024-05-02T18:00:00Z,1714672800,-12.8086
2024-05-02T21:00:00Z,1714683600,-13.2977
2024-05-03T00:00:00Z,1714694400,-14.9071
2024-05-03T03:00:00Z,1714705200,-16.9276
2024-05-03T06:00:00Z,1714716000,-19.7889
2024-05-03T09:00:00Z,1714726800,-20.6248
2024-05-03T12:00:00Z,1714737600,-19.1482
2024-05-03T15:00:00Z,1714748400,-17.3956
2024-05-03T18:00:00Z,1714759200,-16.1184
2024-05-03T21:00:00Z,1714770000,-16.0613
2024-05-04T00:00:00Z,1714780800,-16.2051
2024-05-04T03:00:00Z,1714791600,-16.5284
2024-05-04T06:00:00Z,1714802400,-16.7537
2024-05-04T09:00:00Z,1714813200,-16.8939
2024-05-04T12:00:00Z,1714824000,-16.0288
2024-05-04T15:00:00Z,1714834800,-14.1516
2024-05-04T18:00:00Z,1714845600,-13.0498
2024-05-04T21:00:00Z,1714856400,-12.259
2024-05-05T00:00:00Z,1714867200,-13.108
2024-05-05T03:00:00Z,1714878000,-14.9881
2024-05-05T06:00:00Z,1714888800,-16.2434
2024-05-05T09:00:00Z,1714899600,-17.2373
2024-05-05T12:00:00Z,1714910400,-16.5821
2024-05-05T15:00:00Z,1714921200,-15.8402
2024-05-05T18:00:00Z,1714932000,-15.0117
2024-05-05T21:00:00Z,1714942800,-15.4912
2024-05-06T00:00:00Z,1714953600,-16.5218
2024-05-06T03:00:00Z,1714964400,-16.6127
2024-05-06T06:00:00Z,1714975200,-18.9041
2024-05-06T09:00:00Z,1714986000,-19.1825
2024-05-06T12:00:00Z,1714996800,-17.8396
2024-05-06T15:00:00Z,1715007600,-16.0558
2024-05-06T18:00:00Z,1715018400,-14.0368
2024-05-06T21:00:00Z,1715029200,-13.5874
2024-05-07T00:00:00Z,1715040000,-13.4402
2024-05-07T03:00:00Z,1715050800,-13.8666
2024-05-07T06:00:00Z,1715061600,-14.8094
2024-05-07T09:00:00Z,1715072400,-13.4565
2024-05-07T12:00:00Z,1715083200,-12.9351
2024-05-07T15:00:00Z,1715094000,-12.2138
2024-05-07T18:00:00Z,1715104800,-11.8236
2024-05-07T21:00:00Z,1715115600,-12.0867
2024-05-08T00:00:00Z,1715126400,-12.2253
2024-05-08T03:00:00Z,1715137200,-12.8283
2024-05-08T06:00:00Z,1715148000,-13.7795
2024-05-08T09:00:00Z,1715158800,-13.9686
2024-05-08T12:00:00Z,1715169600,-13.4671
2024-05-08T15:00:00Z,1715180400,-12.739
2024-05-08T18:00:00Z,1715191200,-12.2855
2024-05-08T21:00:00Z,1715202000,-11.9764
2024-05-09T00:00:00Z,1715212800,-12.9155
2024-05-09T03:00:00Z,1715223600,-13.6326
2024-05-09T06:00:00Z,1715234400,-14.9
2024-05-09T09:00:00Z,1715245200,-14.687
2024-05-09T12:00:00Z,1715256000,-13.9341
2024-05-09T15:00:00Z,1715266800,-13.1679
2024-05-09T18:00:00Z,1715277600,-12.7035
2024-05-09T21:00:00Z,1715288400,-12.4397
2024-05-10T00:00:00Z,1715299200,-12.6984
2024-05-10T03:00:00Z,1715310000,-13.5703
2024-05-10T06:00:00Z,1715320800,-13.9597
2024-05-10T09:00:00Z,1715331600,-13.3423
2024-05-10T12:00:00Z,1715342400,-12.6775
2024-05-10T15:00:00Z,1715353200,-11.7165
2024-05-10T18:00:00Z,1715364000,-10.9256
2024-05-10T21:00:00Z,1715374800,-10.7678
2024-05-11T00:00:00Z,1715385600,-10.5388
2024-05-11T03:00:00Z,1715396400,-10.7103
2024-05-11T06:00:00Z,1715407200,-11.4038
2024-05-11T09:00:00Z,1715418000,-14.9655
2024-05-11T12:00:00Z,1715428800,-15.701
2024-05-11T15:00:00Z,1715439600,-14.3637
2024-05-11T18:00:00Z,1715450400,-12.2836
2024-05-11T21:00:00Z,1715461200,-12.0463
2024-05-12T00:00:00Z,1715472000,-13.9737
2024-05-12T03:00:00Z,1715482800,-16.2182
2024-05-12T06:00:00Z,1715493600,-17.3916
2024-05-12T09:00:00Z,1715504400,-17.1642
2024-05-12T12:00:00Z,1715515200,-15.4883
2024-05-12T15:00:00Z,1715526000,-13.0411
2024-05-12T18:00:00Z,1715536800,-10.9991
2024-05-12T21:00:00Z,1715547600,-9.98667
2024-05-13T00:00:00Z,1715558400,-10.1225
2024-05-13T03:00:00Z,1715569200,-9.26475
2024-05-13T06:00:00Z,1715580000,-8.45847
2024-05-13T09:00:00Z,1715590800,-7.77402
2024-05-13T12:00:00Z,1715601600,-11.1696
2024-05-13T15:00:00Z,1715612400,-8.77164
2024-05-13T18:00:00Z,1715623200,-6.49277
2024-05-13T21:00:00Z,1715634000,-6.67191
2024-05-14T00:00:00Z,1715644800,-8.08378
2024-05-14T03:00:00Z,1715655600,-8.65076
2024-05-14T06:00:00Z,1715666400,-9.72956
2024-05-14T09:00:00Z,1715677200,-9.37931
2024-05-14T12:00:00Z,1715688000,-9.34354
2024-05-14T15:00:00Z,1715698800,-8.18
2024-05-14T18:00:00Z,1715709600,-6.98209
2024-05-14T21:00:00Z,1715720400,-6.83475
2024-05-15T00:00:00Z,1715731200,-6.8859
2024-05-15T03:00:00Z,1715742000,-7.20682
2024-05-15T06:00:00Z,1715752800,-7.23997
2024-05-15T09:00:00Z,1715763600,-7.19358
2024-05-15T12:00:00Z,1715774400,-7.01194
2024-05-15T15:00:00Z,1715785200,-6.77646
2024-05-15T18:00:00Z,1715796000,-6.5875
2024-05-15T21:00:00Z,1715806800,-6.65189
2024-05-16T00:00:00Z,1715817600,-7.62006
2024-05-16T03:00:00Z,1715828400,-8.54496
2024-05-16T06:00:00Z,1715839200,-9.23386
2024-05-16T09:00:00Z,1715850000,-8.32853
2024-05-16T12:00:00Z,1715860800,-8.13785
2024-05-16T15:00:00Z,1715871600,-6.56101
2024-05-16T18:00:00Z,1715882400,-6.15827
2024-05-16T21:00:00Z,1715893200,-5.90165
2024-05-17T00:00:00Z,1715904000,-6.06235
2024-05-17T03:00:00Z,1715914800,-6.6077
2024-05-17T06:00:00Z,1715925600,-7.85728
2024-05-17T09:00:00Z,1715936400,-8.12488
2024-05-17T12:00:00Z,1715947200,-7.27018
2024-05-17T15:00:00Z,1715958000,-7.17753
2024-05-17T18:00:00Z,1715968800,-6.02244
2024-05-17T21:00:00Z,1715979600,-6.04346
2024-05-18T00:00:00Z,1715990400,-8.21049
2024-05-18T03:00:00Z,1716001200,-9.97324
2024-05-18T06:00:00Z,1716012000,-11.4757
2024-05-18T09:00:00Z,1716022800,-11.3107
2024-05-18T12:00:00Z,1716033600,-9.42127
2024-05-18T15:00:00Z,1716044400,-8.02616
2024-05-18T18:00:00Z,1716055200,-6.81043
2024-05-18T21:00:00Z,1716066000,-7.01023
2024-05-19T00:00:00Z,1716076800,-8.54648
2024-05-19T03:00:00Z,1716087600,-9.56934
2024-05-19T06:00:00Z,1716098400,-10.1023
2024-05-19T09:00:00Z,1716109200,-8.70356
2024-05-19T12:00:00Z,1716120000,-6.81907
2024-05-19T15:00:00Z,1716130800,-4.46226
2024-05-19T18:00:00Z,1716141600,-3.27946
2024-05-19T21:00:00Z,1716152400,-3.20994
2024-05-20T00:00:00Z,1716163200,-3.78855
2024-05-20T03:00:00Z,1716174000,-4.73966
2024-05-20T06:00:00Z,1716184800,-5.10361
2024-05-20T09:00:00Z,1716195600,-5.63703
2024-05-20T12:00:00Z,1716206400,-6.08106
2024-05-20T15:00:00Z,1716217200,-4.4694
2024-05-20T18:00:00Z,1716228000,-3.77201
2024-05-20T21:00:00Z,1716238800,-3.61875
2024-05-21T00:00:00Z,1716249600,-4.40494
2024-05-21T03:00:00Z,1716260400,-5.93537
2024-05-21T06:00:00Z,1716271200,-6.22806
2024-05-21T09:00:00Z,1716282000,-6.13004
2024-05-21T12:00:00Z,1716292800,-5.93296
2024-05-21T15:00:00Z,1716303600,-5.55479
2024-05-21T18:00:00Z,1716314400,-5.29282
2024-05-21T21:00:00Z,1716325200,-5.63196
2024-05-22T00:00:00Z,1716336000,-6.81064
2024-05-22T03:00:00Z,1716346800,-7.97501
2024-05-22T06:00:00Z,1716357600,-8.71964
2024-05-22T09:00:00Z,1716368400,-8.76218
2024-05-22T12:00:00Z,1716379200,-7.90208
2024-05-22T15:00:00Z,1716390000,-6.80662
2024-05-22T18:00:00Z,1716400800,-6.15983
2024-05-22T21:00:00Z,1716411600,-6.23667
2024-05-23T00:00:00Z,1716422400,-6.89777
2024-05-23T03:00:00Z,1716433200,-7.83921
2024-05-23T06:00:00Z,1716444000,-8.87833
2024-05-23T09:00:00Z,1716454800,-8.95127
2024-05-23T12:00:00Z,1716465600,-8.01487
2024-05-23T15:00:00Z,1716476400,-6.94901
2024-05-23T18:00:00Z,1716487200,-6.22266
2024-05-23T21:00:00Z,1716498000,-6.25791
2024-05-24T00:00:00Z,1716508800,-7.54566
2024-05-24T03:00:00Z,1716519600,-8.80689
2024-05-24T06:00:00Z,1716530400,-10.1939
2024-05-24T09:00:00Z,1716541200,-10.7392
2024-05-24T12:00:00Z,1716552000,-9.79685
2024-05-24T15:00:00Z,1716562800,-8.10392
2024-05-24T18:00:00Z,1716573600,-6.81443
2024-05-24T21:00:00Z,1716584400,-6.89756
2024-05-25T00:00:00Z,1716595200,-8.4799
2024-05-25T03:00:00Z,1716606000,-10.2095
2024-05-25T06:00:00Z,1716616800,-11.2522
2024-05-25T09:00:00Z,1716627600,-11.8149
2024-05-25T12:00:00Z,1716638400,-10.2203
2024-05-25T15:00:00Z,1716649200,-8.06013
2024-05-25T18:00:00Z,1716660000,-6.53004
2024-05-25T21:00:00Z,1716670800,-6.59379
2024-05-26T00:00:00Z,1716681600,-7.46378
2024-05-26T03:00:00Z,1716692400,-9.03306
2024-05-26T06:00:00Z,1716703200,-9.00046
2024-05-26T09:00:00Z,1716714000,-7.42515
2024-05-26T12:00:00Z,1716724800,-5.34202
2024-05-26T15:00:00Z,1716735600,-3.91489
2024-05-26T18:00:00Z,1716746400,-2.85923
2024-05-26T21:00:00Z,1716757200,-3.14329
2024-05-27T00:00:00Z,1716768000,-4.10709
2024-05-27T03:00:00Z,1716778800,-5.59965
2024-05-27T06:00:00Z,1716789600,-7.18821
2024-05-27T09:00:00Z,1716800400,-5.35877
2024-05-27T12:00:00Z,1716811200,-4.31473
2024-05-27T15:00:00Z,1716822000,-3.52164
2024-05-27T18:00:00Z,1716832800,-4.23191
2024-05-27T21:00:00Z,1716843600,-5.35459
2024-05-28T00:00:00Z,1716854400,-4.22269
2024-05-28T03:00:00Z,1716865200,-4.76194
2024-05-28T06:00:00Z,1716876000,-5.70664
2024-05-28T09:00:00Z,1716886800,-6.54233
2024-05-28T12:00:00Z,1716897600,-6.14933
2024-05-28T15:00:00Z,1716908400,-5.33567
2024-05-28T18:00:00Z,1716919200,-4.86628
2024-05-28T21:00:00Z,1716930000,-4.78239
2024-05-29T00:00:00Z,1716940800,-5.35154
2024-05-29T03:00:00Z,1716951600,-5.30814
2024-05-29T06:00:00Z,1716962400,-6.06064
2024-05-29T09:00:00Z,1716973200,-5.37421
2024-05-29T12:00:00Z,1716984000,-4.72831
2024-05-29T15:00:00Z,1716994800,-4.32245
2024-05-29T18:00:00Z,1717005600,-4.44068
2024-05-29T21:00:00Z,1717016400,-4.80054
2024-05-30T00:00:00Z,1717027200,-5.2768
2024-05-30T03:00:00Z,1717038000,-6.04215
2024-05-30T06:00:00Z,1717048800,-5.98661
2024-05-30T09:00:00Z,1717059600,-6.12589
2024-05-30T12:00:00Z,1717070400,-6.13212
2024-05-30T15:00:00Z,1717081200,-4.73411
2024-05-30T18:00:00Z,1717092000,-4.43174
2024-05-30T21:00:00Z,1717102800,-5.42686
2024-05-31T00:00:00Z,1717113600,-7.5853
2024-05-31T03:00:00Z,1717124400,-9.53275
2024-05-31T06:00:00Z,1717135200,-11.3096
2024-05-31T09:00:00Z,1717146000,-11.3136
2024-05-31T12:00:00Z,1717156800,-9.34269
2024-05-31T15:00:00Z,1717167600,-6.80881
2024-05-31T18:00:00Z,1717178400,-5.19572
2024-05-31T21:00:00Z,1717189200,-4.73975
2024-06-01T00:00:00Z,1717200000,-5.40568
2024-06-01T03:00:00Z,1717210800,-5.61405
2024-06-01T06:00:00Z,1717221600,-6.18787
2024-06-01T09:00:00Z,1717232400,-5.848
2024-06-01T12:00:00Z,1717243200,-5.40266
2024-06-01T15:00:00Z,1717254000,-4.83311
2024-06-01T18:00:00Z,1717264800,-3.84165
2024-06-01T21:00:00Z,1717275600,-4.26316
2024-06-02T00:00:00Z,1717286400,-5.10343
2024-06-02T03:00:00Z,1717297200,-6.12357
2024-06-02T06:00:00Z,1717308000,-6.84849
2024-06-02T09:00:00Z,1717318800,-7.4415
2024-06-02T12:00:00Z,1717329600,-5.75709
2024-06-02T15:00:00Z,1717340400,-4.69102
2024-06-02T18:00:00Z,1717351200,-2.67084
2024-06-02T21:00:00Z,1717362000,-0.743262
2024-06-03T00:00:00Z,1717372800,-1.07047
2024-06-03T03:00:00Z,1717383600,-2.24927
2024-06-03T06:00:00Z,1717394400,-3.56315
2024-06-03T09:00:00Z,1717405200,-2.93802
2024-06-03T12:00:00Z,1717416000,-0.936133
2024-06-03T15:00:00Z,1717426800,-0.12583
2024-06-03T18:00:00Z,1717437600,-0.234717
2024-06-03T21:00:00Z,1717448400,-0.451605
2024-06-04T00:00:00Z,1717459200,-1.41227
2024-06-04T03:00:00Z,1717470000,-1.37034
2024-06-04T06:00:00Z,1717480800,-2.56467
2024-06-04T09:00:00Z,1717491600,-3.25068
2024-06-04T12:00:00Z,1717502400,-4.86869
2024-06-04T15:00:00Z,1717513200,-4.14933
2024-06-04T18:00:00Z,1717524000,-3.27738
2024-06-04T21:00:00Z,1717534800,-2.85871
2024-06-05T00:00:00Z,1717545600,-3.40116
2024-06-05T03:00:00Z,1717556400,-3.85264
2024-06-05T06:00:00Z,1717567200,-4.21049
2024-06-05T09:00:00Z,1717578000,-4.31168
2024-06-05T12:00:00Z,1717588800,-3.87891
2024-06-05T15:00:00Z,1717599600,-3.33695
2024-06-05T18:00:00Z,1717610400,-2.93918
2024-06-05T21:00:00Z,1717621200,-2.8223
2024-06-06T00:00:00Z,1717632000,-3.57365
2024-06-06T03:00:00Z,1717642800,-4.61875
2024-06-06T06:00:00Z,1717653600,-4.63444
2024-06-06T09:00:00Z,1717664400,-4.36545
2024-06-06T12:00:00Z,1717675200,-3.25742
2024-06-06T15:00:00Z,1717686000,-2.25498
2024-06-06T18:00:00Z,1717696800,-1.63584
2024-06-06T21:00:00Z,1717707600,-1.45948
2024-06-07T00:00:00Z,1717718400,-1.72996
2024-06-07T03:00:00Z,1717729200,-2.15244
2024-06-07T06:00:00Z,1717740000,-2.03821
2024-06-07T09:00:00Z,1717750800,-1.18021
2024-06-07T12:00:00Z,1717761600,-0.439551
2024-06-07T15:00:00Z,1717772400,-0.0320801
2024-06-07T18:00:00Z,1717783200,-0.245459
2024-06-07T21:00:00Z,1717794000,-0.426855
2024-06-08T00:00:00Z,1717804800,-0.749182
2024-06-08T03:00:00Z,1717815600,-1.28983
2024-06-08T06:00:00Z,1717826400,-1.70774
2024-06-08T09:00:00Z,1717837200,-1.56779
2024-06-08T12:00:00Z,1717848000,-1.22129
2024-06-08T15:00:00Z,1717858800,-0.721533
2024-06-08T18:00:00Z,1717869600,-0.609473
2024-06-08T21:00:00Z,1717880400,-0.573096
2024-06-09T00:00:00Z,1717891200,-0.74726
2024-06-09T03:00:00Z,1717902000,-1.06702
2024-06-09T06:00:00Z,1717912800,-1.50101
2024-06-09T09:00:00Z,1717923600,-0.936346
2024-06-09T12:00:00Z,1717934400,-0.292334
2024-06-09T15:00:00Z,1717945200,-0.00766602
2024-06-09T18:00:00Z,1717956000,-0.00766602
2024-06-09T21:00:00Z,1717966800,-0.00821533
2024-06-10T00:00:00Z,1717977600,-0.00150146
2024-06-10T03:00:00Z,1717988400,-0.585822
2024-06-10T06:00:00Z,1717999200,-0.727515
2024-06-10T09:00:00Z,1718010000,-0.479773
2024-06-10T12:00:00Z,1718020800,-0.00180664
2024-06-10T15:00:00Z,1718031600,-0.00229492
2024-06-10T18:00:00Z,1718042400,-0.00107422
2024-06-10T21:00:00Z,1718053200,-0.00107422
2024-06-11T00:00:00Z,1718064000,-0.02677
2024-06-11T03:00:00Z,1718074800,-0.0271057
2024-06-11T06:00:00Z,1718085600,-1.20746
2024-06-11T09:00:00Z,1718096400,-1.07041
2024-06-11T12:00:00Z,1718107200,-0.119238
2024-06-11T15:00:00Z,1718118000,-0.0274414
2024-06-11T18:00:00Z,1718128800,-0.0259766
2024-06-11T21:00:00Z,1718139600,-0.0264648
2024-06-12T00:00:00Z,1718150400,-0.0206665
2024-06-12T03:00:00Z,1718161200,-0.0202087
2024-06-12T06:00:00Z,1718172000,-0.0208191
2024-06-12T09:00:00Z,1718182800,-0.0205444
2024-06-12T12:00:00Z,1718193600,-0.0206055
2024-06-12T15:00:00Z,1718204400,-0.0210937
2024-06-12T18:00:00Z,1718215200,-0.0203613
2024-06-12T21:00:00Z,1718226000,-0.0210937
2024-06-13T00:00:00Z,1718236800,-0.00473633
2024-06-13T03:00:00Z,1718247600,-0.971533
2024-06-13T06:00:00Z,1718258400,-3.01279
2024-06-13T09:00:00Z,1718269200,-1.99454
2024-06-13T12:00:00Z,1718280000,-0.00424805
2024-06-13T15:00:00Z,1718290800,-0.00473633
2024-06-13T18:00:00Z,1718301600,-0.00473633
2024-06-13T21:00:00Z,1718312400,-0.00449219
2024-06-14T00:00:00Z,1718323200,0.010675
2024-06-14T03:00:00Z,1718334000,-0.290961
2024-06-14T06:00:00Z,1718344800,-1.60865
2024-06-14T09:00:00Z,1718355600,0.00924072
2024-06-14T12:00:00Z,1718366400,0.0101563
2024-06-14T15:00:00Z,1718377200,0.00991211
2024-06-14T18:00:00Z,1718388000,0.00991211
2024-06-14T21:00:00Z,1718398800,0.00991211
2024-06-15T00:00:00Z,1718409600,0.00490723
2024-06-15T03:00:00Z,1718420400,0.00460205
2024-06-15T06:00:00Z,1718431200,-1.15137
2024-06-15T09:00:00Z,1718442000,-0.678259
2024-06-15T12:00:00Z,1718452800,0.00515137
2024-06-15T15:00:00Z,1718463600,0.00478516
2024-06-15T18:00:00Z,1718474400,0.0050293
2024-06-15T21:00:00Z,1718485200,0.00536499
2024-06-16T00:00:00Z,1718496000,0.0102173
2024-06-16T03:00:00Z,1718506800,-0.472021
2024-06-16T06:00:00Z,1718517600,-1.56028
2024-06-16T09:00:00Z,1718528400,-0.607916
2024-06-16T12:00:00Z,1718539200,0.0104004
2024-06-16T15:00:00Z,1718550000,0.00991211
2024-06-16T18:00:00Z,1718560800,0.0101563
2024-06-16T21:00:00Z,1718571600,0.00966797
2024-06-17T00:00:00Z,1718582400,0.00805054
2024-06-17T03:00:00Z,1718593200,0.00789795
2024-06-17T06:00:00Z,1718604000,0.00777588
2024-06-17T09:00:00Z,1718614800,0.00740967
2024-06-17T12:00:00Z,1718625600,0.00795898
2024-06-17T15:00:00Z,1718636400,0.00771484
2024-06-17T18:00:00Z,1718647200,0.00771484
2024-06-17T21:00:00Z,1718658000,0.00673828
2024-06-18T00:00:00Z,1718668800,-0.12702
2024-06-18T03:00:00Z,1718679600,-0.126105
2024-06-18T06:00:00Z,1718690400,-0.126318
2024-06-18T09:00:00Z,1718701200,-0.12644
2024-06-18T12:00:00Z,1718712000,-0.127295
2024-06-18T15:00:00Z,1718722800,-0.126318
2024-06-18T18:00:00Z,1718733600,-0.126807
2024-06-18T21:00:00Z,1718744400,-0.126624
2024-06-19T00:00:00Z,1718755200,-0.0777954
2024-06-19T03:00:00Z,1718766000,-0.0782837
2024-06-19T06:00:00Z,1718776800,-0.0776733
2024-06-19T09:00:00Z,1718787600,-0.0780396
2024-06-19T12:00:00Z,1718798400,-0.0781921
2024-06-19T15:00:00Z,1718809200,-0.0777344
2024-06-19T18:00:00Z,1718820000,-0.0779785
2024-06-19T21:00:00Z,1718830800,-0.0775513
2024-06-20T00:00:00Z,1718841600,-0.150244
2024-06-20T03:00:00Z,1718852400,-0.150702
2024-06-20T06:00:00Z,1718863200,-0.409399
2024-06-20T09:00:00Z,1718874000,-0.150549
2024-06-20T12:00:00Z,1718884800,-0.150305
2024-06-20T15:00:00Z,1718895600,-0.150732
2024-06-20T18:00:00Z,1718906400,-0.319434
2024-06-20T21:00:00Z,1718917200,-0.31925
2024-06-21T00:00:00Z,1718928000,-0.373022
2024-06-21T03:00:00Z,1718938800,-0.372748
2024-06-21T06:00:00Z,1718949600,-0.372351
2024-06-21T09:00:00Z,1718960400,-0.372565
2024-06-21T12:00:00Z,1718971200,-0.373145
2024-06-21T15:00:00Z,1718982000,-0.373389
2024-06-21T18:00:00Z,1718992800,-0.373145
2024-06-21T21:00:00Z,1719003600,-0.373145
2024-06-22T00:00:00Z,1719014400,-0.380225
2024-06-22T03:00:00Z,1719025200,-0.37998
2024-06-22T06:00:00Z,1719036000,-0.380865
2024-06-22T09:00:00Z,1719046800,-0.380469
2024-06-22T12:00:00Z,1719057600,-0.380713
2024-06-22T15:00:00Z,1719068400,-0.380469
2024-06-22T18:00:00Z,1719079200,-0.380225
2024-06-22T21:00:00Z,1719090000,-0.380469
2024-06-23T00:00:00Z,1719100800,-0.374823
2024-06-23T03:00:00Z,1719111600,-0.374976
2024-06-23T06:00:00Z,1719122400,-0.374731
2024-06-23T09:00:00Z,1719133200,-0.374182
2024-06-23T12:00:00Z,1719144000,-0.374365
2024-06-23T15:00:00Z,1719154800,-0.373877
2024-06-23T18:00:00Z,1719165600,-0.374365
2024-06-23T21:00:00Z,1719176400,-0.374915
2024-06-24T00:00:00Z,1719187200,-0.417548
2024-06-24T03:00:00Z,1719198000,-0.417029
2024-06-24T06:00:00Z,1719208800,-0.416785
2024-06-24T09:00:00Z,1719219600,-0.416785
2024-06-24T12:00:00Z,1719230400,-0.417334
2024-06-24T15:00:00Z,1719241200,-0.41709
2024-06-24T18:00:00Z,1719252000,-0.416602
2024-06-24T21:00:00Z,1719262800,-0.41709
2024-06-25T00:00:00Z,1719273600,-0.464728
2024-06-25T03:00:00Z,1719284400,-0.464514
2024-06-25T06:00:00Z,1719295200,-0.464819
2024-06-25T09:00:00Z,1719306000,-0.464575
2024-06-25T12:00:00Z,1719316800,-0.464941
2024-06-25T15:00:00Z,1719327600,-0.464941
2024-06-25T18:00:00Z,1719338400,-0.464453
2024-06-25T21:00:00Z,1719349200,-0.464209
2024-06-26T00:00:00Z,1719360000,-0.426306
2024-06-26T03:00:00Z,1719370800,-0.42655
2024-06-26T06:00:00Z,1719381600,-0.426886
2024-06-26T09:00:00Z,1719392400,-0.426947
2024-06-26T12:00:00Z,1719403200,-0.426123
2024-06-26T15:00:00Z,1719414000,-0.426367
2024-06-26T18:00:00Z,1719424800,-0.426855
2024-06-26T21:00:00Z,1719435600,-0.426367
2024-06-27T00:00:00Z,1719446400,-0.475287
2024-06-27T03:00:00Z,1719457200,-0.475592
2024-06-27T06:00:00Z,1719468000,-0.475867
2024-06-27T09:00:00Z,1719478800,-0.475378
2024-06-27T12:00:00Z,1719489600,-0.474951
2024-06-27T15:00:00Z,1719500400,-0.475684
2024-06-27T18:00:00Z,1719511200,-0.475928
2024-06-27T21:00:00Z,1719522000,-0.475684
2024-06-28T00:00:00Z,1719532800,-0.558051
2024-06-28T03:00:00Z,1719543600,-0.558508
2024-06-28T06:00:00Z,1719554400,-0.558386
2024-06-28T09:00:00Z,1719565200,-0.558203
2024-06-28T12:00:00Z,1719576000,-0.558203
2024-06-28T15:00:00Z,1719586800,-0.558203
2024-06-28T18:00:00Z,1719597600,-0.55918
2024-06-28T21:00:00Z,1719608400,-0.558691
2024-06-29T00:00:00Z,1719619200,-0.511755
2024-06-29T03:00:00Z,1719630000,-0.511572
2024-06-29T06:00:00Z,1719640800,-0.412268
2024-06-29T09:00:00Z,1719651600,-0.451361
2024-06-29T12:00:00Z,1719662400,-0.661719
2024-06-29T15:00:00Z,1719673200,-0.41123
2024-06-29T18:00:00Z,1719684000,-0.425879
2024-06-29T21:00:00Z,1719694800,-0.411475
